<?xml version="1.0" encoding="UTF-8"?>
<!DOCTYPE hibernate-configuration PUBLIC "-//Hibernate/Hibernate Configuration DTD 3.0//EN"
                                         "http://www.hibernate.org/dtd/hibernate-configuration-3.0.dtd">
<hibernate-configuration>
 <session-factory>
  <!-- 1. Database related -->
  
  <property name="hibernate.connection.username">phpmyadmin</property> <!-- Identifiant pour la base de donnée -->
  <property name="hibernate.connection.password">root</property> <!-- Mot de passe -->
  <property name="hibernate.connection.url">jdbc:mysql://localhost:3306/hibernate?useUnicode=true&amp;characterEncoding=UTF-8</property> <!-- URL -->
  <property name="hibernate.connection.driver_class">com.mysql.jdbc.Driver</property> <!-- Pilote -->
  <property name="hibernate.dialect">org.hibernate.dialect.MySQLDialect</property> <!-- Langage utilisé -->
  <property name="hbm2ddl.auto">update</property>
  <mapping class="Client"/>
  <mapping class="Etudiant"/>
 </session-factory>
</hibernate-configuration>
